key	samples_to_use
chr1:111969210_C>T	Ma-Mel-86a,Ma-Mel-86b,Ma-Mel-86c,Ma-Mel-86f
chr1:115527461_C>T	Ma-Mel-86b,Ma-Mel-86c,Ma-Mel-86f
chr1:11771998_G>A	Ma-Mel-86a,Ma-Mel-86b,Ma-Mel-86c,Ma-Mel-86f
chr1:150811945_G>A	Ma-Mel-86a,Ma-Mel-86b,Ma-Mel-86c,Ma-Mel-86f
chr1:158324250_C>T	Ma-Mel-86a,Ma-Mel-86b,Ma-Mel-86c
chr1:160783455_A>C	Ma-Mel-86c
chr1:172539301_C>T	Ma-Mel-86a,Ma-Mel-86b,Ma-Mel-86c,Ma-Mel-86f
chr1:204970385_G>A	Ma-Mel-86a,Ma-Mel-86b,Ma-Mel-86c,Ma-Mel-86f
chr1:205585769_G>A	Ma-Mel-86a,Ma-Mel-86b,Ma-Mel-86c,Ma-Mel-86f
chr1:210637963_G>A	Ma-Mel-86b
chr1:21894727_A>T	Ma-Mel-86a
chr1:23240326_C>A	Ma-Mel-86a,Ma-Mel-86c,Ma-Mel-86f
chr1:247615029_G>T	Ma-Mel-86b
chr1:2520397_C>A	Ma-Mel-86a,Ma-Mel-86b,Ma-Mel-86c,Ma-Mel-86f
chr1:26601479_G>A	Ma-Mel-86a,Ma-Mel-86c,Ma-Mel-86f
chr1:36181871_G>A	Ma-Mel-86a,Ma-Mel-86b,Ma-Mel-86c,Ma-Mel-86f
chr1:39321435_G>A	Ma-Mel-86a,Ma-Mel-86b,Ma-Mel-86c,Ma-Mel-86f
chr1:40706078_C>T	Ma-Mel-86a,Ma-Mel-86b,Ma-Mel-86c,Ma-Mel-86f
chr1:40713741_C>G	Ma-Mel-86f
chr1:49224814_T>G	Ma-Mel-86a,Ma-Mel-86b,Ma-Mel-86c,Ma-Mel-86f
chr1:55223925_C>T	Ma-Mel-86a,Ma-Mel-86b,Ma-Mel-86c,Ma-Mel-86f
chr10:121182775_C>T	Ma-Mel-86a
chr10:13386823_T>C	Ma-Mel-86f
chr10:31139224_A>G	Ma-Mel-86b,Ma-Mel-86f
chr10:43604511_G>A	Ma-Mel-86a,Ma-Mel-86b,Ma-Mel-86c,Ma-Mel-86f
chr10:55581893_G>T	Ma-Mel-86b
chr10:60546840_A>C	Ma-Mel-86b
chr10:61815556_C>T	Ma-Mel-86a,Ma-Mel-86b,Ma-Mel-86c,Ma-Mel-86f
chr11:128805574_G>A	Ma-Mel-86a
chr11:129780385_G>A	Ma-Mel-86a
chr11:33689477_C>T	Ma-Mel-86a
chr11:34501794_C>A	Ma-Mel-86f
chr11:35308377_C>T	Ma-Mel-86a
chr11:4936770_C>T	Ma-Mel-86f
chr11:5153301_G>T	Ma-Mel-86a
chr11:55595494_G>A	Ma-Mel-86a,Ma-Mel-86b,Ma-Mel-86c,Ma-Mel-86f
chr11:5809413_C>T	Ma-Mel-86a
chr11:5862791_C>T	Ma-Mel-86a
chr11:59271355_C>T	Ma-Mel-86b
chr11:64366325_C>T	Ma-Mel-86a
chr11:70333467_G>A	Ma-Mel-86a,Ma-Mel-86b,Ma-Mel-86c,Ma-Mel-86f
chr11:73131003_A>G	Ma-Mel-86a,Ma-Mel-86b,Ma-Mel-86c,Ma-Mel-86f
chr11:78381082_A>G	Ma-Mel-86a
chr11:82880913_C>T	Ma-Mel-86a
chr12:108147707_G>T	Ma-Mel-86b
chr12:109605813_C>T	Ma-Mel-86a
chr12:112321407_G>T	Ma-Mel-86b
chr12:124411287_G>A	Ma-Mel-86a,Ma-Mel-86b,Ma-Mel-86c,Ma-Mel-86f
chr12:132471111_C>T	Ma-Mel-86a,Ma-Mel-86b,Ma-Mel-86c,Ma-Mel-86f
chr12:27538423_A>C	Ma-Mel-86f
chr12:43944837_C>T	Ma-Mel-86a
chr12:4461828_C>T	Ma-Mel-86a,Ma-Mel-86b,Ma-Mel-86c,Ma-Mel-86f
chr12:52285015_C>T	Ma-Mel-86a,Ma-Mel-86b,Ma-Mel-86c,Ma-Mel-86f
chr12:52636904_G>C	Ma-Mel-86a,Ma-Mel-86b,Ma-Mel-86c,Ma-Mel-86f
chr12:58145430_C>T	Ma-Mel-86a,Ma-Mel-86b,Ma-Mel-86c,Ma-Mel-86f
chr12:6425068_G>A	Ma-Mel-86a,Ma-Mel-86b,Ma-Mel-86c,Ma-Mel-86f
chr13:31722560_G>A	Ma-Mel-86b
chr13:41517979_C>A	Ma-Mel-86b
chr13:72134041_C>A	Ma-Mel-86b,Ma-Mel-86c,Ma-Mel-86f
chr14:23548841_C>T	Ma-Mel-86f
chr14:64488165_G>T	Ma-Mel-86a
chr14:68331729_C>T	Ma-Mel-86a,Ma-Mel-86b,Ma-Mel-86c,Ma-Mel-86f
chr14:73577689_C>T	Ma-Mel-86b,Ma-Mel-86c,Ma-Mel-86f
chr14:73727911_G>C	Ma-Mel-86f
chr15:101110186_C>T	Ma-Mel-86b
chr15:101112151_C>T	Ma-Mel-86b,Ma-Mel-86f
chr15:39882033_G>A	Ma-Mel-86a,Ma-Mel-86c
chr15:40383996_G>C	Ma-Mel-86f
chr15:48054480_C>A	Ma-Mel-86b
chr15:59455358_A>T	Ma-Mel-86a,Ma-Mel-86c
chr15:66774101_C>T	Ma-Mel-86a,Ma-Mel-86b,Ma-Mel-86c,Ma-Mel-86f
chr15:67664596_C>T	Ma-Mel-86a,Ma-Mel-86b,Ma-Mel-86c,Ma-Mel-86f
chr16:17353301_C>T	Ma-Mel-86a
chr16:21982908_G>A	Ma-Mel-86a,Ma-Mel-86c
chr16:2218084_G>A	Ma-Mel-86a,Ma-Mel-86c
chr16:22358562_C>A	Ma-Mel-86a
chr16:25235720_G>A	Ma-Mel-86a,Ma-Mel-86b,Ma-Mel-86c,Ma-Mel-86f
chr16:29896934_G>A	Ma-Mel-86a,Ma-Mel-86b,Ma-Mel-86c,Ma-Mel-86f
chr16:53671754_C>A	Ma-Mel-86b
chr16:66436860_G>A	Ma-Mel-86b
chr16:67321820_G>A	Ma-Mel-86f
chr16:8722848_C>T	Ma-Mel-86a,Ma-Mel-86c
chr16:9858671_C>T	Ma-Mel-86a,Ma-Mel-86c
chr17:17718034_G>A	Ma-Mel-86a,Ma-Mel-86b,Ma-Mel-86c,Ma-Mel-86f
chr17:1782603_C>T	Ma-Mel-86a,Ma-Mel-86b,Ma-Mel-86c,Ma-Mel-86f
chr17:37111131_G>C	Ma-Mel-86a
chr17:38066033_C>A	Ma-Mel-86b
chr17:40459651_C>G	Ma-Mel-86b
chr17:48266301_G>T	Ma-Mel-86b
chr17:49726580_C>A	Ma-Mel-86a
chr17:73733442_A>T	Ma-Mel-86a,Ma-Mel-86b,Ma-Mel-86c,Ma-Mel-86f
chr17:73922237_G>T	Ma-Mel-86b
chr17:76486790_C>G	Ma-Mel-86a
chr17:76486826_C>T	Ma-Mel-86a
chr17:76488751_C>G	Ma-Mel-86a
chr18:21364068_G>A	Ma-Mel-86a,Ma-Mel-86b,Ma-Mel-86c,Ma-Mel-86f
chr18:50866097_G>A	Ma-Mel-86a,Ma-Mel-86b,Ma-Mel-86c,Ma-Mel-86f
chr19:11356373_A>G	Ma-Mel-86b
chr19:12738677_C>T	Ma-Mel-86b,Ma-Mel-86c,Ma-Mel-86f
chr19:15297769_C>G	Ma-Mel-86a
chr19:33130268_T>G	Ma-Mel-86c
chr19:34832622_G>T	Ma-Mel-86f
chr19:35940870_C>A	Ma-Mel-86a
chr19:37310929_A>C	Ma-Mel-86f
chr19:4159727_G>A	Ma-Mel-86a,Ma-Mel-86b,Ma-Mel-86c,Ma-Mel-86f
chr19:44418879_G>A	Ma-Mel-86f
chr19:44662046_G>A	Ma-Mel-86a
chr19:4513373_C>A	Ma-Mel-86b
chr19:50435729_C>T	Ma-Mel-86a,Ma-Mel-86b,Ma-Mel-86c,Ma-Mel-86f
chr19:53762433_C>T	Ma-Mel-86a,Ma-Mel-86b,Ma-Mel-86c,Ma-Mel-86f
chr19:53854407_T>A	Ma-Mel-86b
chr19:55175726_C>T	Ma-Mel-86a,Ma-Mel-86b,Ma-Mel-86c,Ma-Mel-86f
chr19:56226461_C>T	Ma-Mel-86a
chr19:56369592_C>A	Ma-Mel-86a
chr19:57089724_C>T	Ma-Mel-86a,Ma-Mel-86b,Ma-Mel-86c,Ma-Mel-86f
chr19:9064033_C>T	Ma-Mel-86a,Ma-Mel-86b,Ma-Mel-86c,Ma-Mel-86f
chr2:102835454_G>A	Ma-Mel-86a,Ma-Mel-86b,Ma-Mel-86c,Ma-Mel-86f
chr2:109398839_A>T	Ma-Mel-86a
chr2:158114826_C>A	Ma-Mel-86c
chr2:166900402_G>A	Ma-Mel-86a,Ma-Mel-86c,Ma-Mel-86f
chr2:169938239_G>A	Ma-Mel-86a,Ma-Mel-86b,Ma-Mel-86c,Ma-Mel-86f
chr2:169948421_C>T	Ma-Mel-86a,Ma-Mel-86c,Ma-Mel-86f
chr2:171055732_G>A	Ma-Mel-86a,Ma-Mel-86b,Ma-Mel-86c,Ma-Mel-86f
chr2:175994897_G>A	Ma-Mel-86a,Ma-Mel-86b,Ma-Mel-86c,Ma-Mel-86f
chr2:179412469_C>A	Ma-Mel-86f
chr2:179443824_C>T	Ma-Mel-86a,Ma-Mel-86c,Ma-Mel-86f
chr2:182543515_C>T	Ma-Mel-86a,Ma-Mel-86c,Ma-Mel-86f
chr2:185802585_C>T	Ma-Mel-86a,Ma-Mel-86b,Ma-Mel-86c,Ma-Mel-86f
chr2:189864102_G>A	Ma-Mel-86a
chr2:197183569_C>T	Ma-Mel-86a,Ma-Mel-86c,Ma-Mel-86f
chr2:200245205_G>A	Ma-Mel-86a,Ma-Mel-86c,Ma-Mel-86f
chr2:239092719_A>G	Ma-Mel-86f
chr2:33505195_G>A	Ma-Mel-86a,Ma-Mel-86b,Ma-Mel-86c,Ma-Mel-86f
chr2:39088656_T>G	Ma-Mel-86f
chr2:49190104_G>A	Ma-Mel-86a,Ma-Mel-86b,Ma-Mel-86c,Ma-Mel-86f
chr2:85626390_C>A	Ma-Mel-86b
chr20:43851832_G>T	Ma-Mel-86f
chr20:45130624_G>T	Ma-Mel-86a
chr20:55027325_G>A	Ma-Mel-86a,Ma-Mel-86b,Ma-Mel-86c,Ma-Mel-86f
chr20:62656003_G>A	Ma-Mel-86a
chr20:896766_C>T	Ma-Mel-86a,Ma-Mel-86b,Ma-Mel-86c,Ma-Mel-86f
chr21:15537711_C>T	Ma-Mel-86a,Ma-Mel-86c,Ma-Mel-86f
chr21:32185396_C>T	Ma-Mel-86a,Ma-Mel-86b,Ma-Mel-86c,Ma-Mel-86f
chr21:40601347_T>G	Ma-Mel-86a,Ma-Mel-86b,Ma-Mel-86c,Ma-Mel-86f
chr21:41559105_C>T	Ma-Mel-86a,Ma-Mel-86c,Ma-Mel-86f
chr21:42812883_G>T	Ma-Mel-86a
chr21:43863444_C>T	Ma-Mel-86a,Ma-Mel-86c,Ma-Mel-86f
chr21:47961805_G>A	Ma-Mel-86a,Ma-Mel-86c,Ma-Mel-86f
chr22:25264733_C>T	Ma-Mel-86a,Ma-Mel-86b,Ma-Mel-86c,Ma-Mel-86f
chr22:29724860_C>T	Ma-Mel-86a,Ma-Mel-86b,Ma-Mel-86c,Ma-Mel-86f
chr22:31672891_A>G	Ma-Mel-86a,Ma-Mel-86b,Ma-Mel-86c,Ma-Mel-86f
chr22:35809972_C>T	Ma-Mel-86a,Ma-Mel-86b,Ma-Mel-86c,Ma-Mel-86f
chr3:120941952_G>A	Ma-Mel-86a,Ma-Mel-86b,Ma-Mel-86c,Ma-Mel-86f
chr3:123219401_A>G	Ma-Mel-86a,Ma-Mel-86b,Ma-Mel-86c,Ma-Mel-86f
chr3:141535632_G>A	Ma-Mel-86a,Ma-Mel-86b,Ma-Mel-86c,Ma-Mel-86f
chr3:156867939_G>A	Ma-Mel-86a,Ma-Mel-86b,Ma-Mel-86c,Ma-Mel-86f
chr3:187416788_G>A	Ma-Mel-86a,Ma-Mel-86b,Ma-Mel-86c,Ma-Mel-86f
chr3:21465493_G>A	Ma-Mel-86a,Ma-Mel-86b,Ma-Mel-86c,Ma-Mel-86f
chr3:52238764_G>T	Ma-Mel-86a
chr4:146095829_C>T	Ma-Mel-86a,Ma-Mel-86b,Ma-Mel-86c,Ma-Mel-86f
chr4:157688942_T>C	Ma-Mel-86a
chr4:183714967_C>T	Ma-Mel-86a,Ma-Mel-86b,Ma-Mel-86c,Ma-Mel-86f
chr4:20591354_G>A	Ma-Mel-86a,Ma-Mel-86b,Ma-Mel-86c,Ma-Mel-86f
chr4:39306527_C>T	Ma-Mel-86a,Ma-Mel-86b,Ma-Mel-86c,Ma-Mel-86f
chr4:79421010_G>T	Ma-Mel-86c
chr5:110439905_C>T	Ma-Mel-86a,Ma-Mel-86b,Ma-Mel-86c,Ma-Mel-86f
chr5:123977032_A>C	Ma-Mel-86a,Ma-Mel-86b,Ma-Mel-86c,Ma-Mel-86f
chr5:127670964_G>A	Ma-Mel-86a,Ma-Mel-86b,Ma-Mel-86c,Ma-Mel-86f
chr5:128864240_G>A	Ma-Mel-86a,Ma-Mel-86c,Ma-Mel-86f
chr5:140166609_C>T	Ma-Mel-86a,Ma-Mel-86b,Ma-Mel-86c,Ma-Mel-86f
chr5:140167353_C>T	Ma-Mel-86a,Ma-Mel-86c,Ma-Mel-86f
chr5:140182697_G>A	Ma-Mel-86a,Ma-Mel-86c,Ma-Mel-86f
chr5:140725900_A>C	Ma-Mel-86a,Ma-Mel-86c,Ma-Mel-86f
chr5:142586768_C>A	Ma-Mel-86a
chr5:1799025_T>A	Ma-Mel-86a,Ma-Mel-86b,Ma-Mel-86c,Ma-Mel-86f
chr5:35955914_C>T	Ma-Mel-86a,Ma-Mel-86b,Ma-Mel-86c,Ma-Mel-86f
chr5:63256624_G>T	Ma-Mel-86b
chr5:82835612_C>T	Ma-Mel-86a,Ma-Mel-86c,Ma-Mel-86f
chr6:110088066_C>A	Ma-Mel-86a
chr6:126314924_C>T	Ma-Mel-86a,Ma-Mel-86b,Ma-Mel-86c,Ma-Mel-86f
chr6:135784397_T>A	Ma-Mel-86f
chr6:143093532_C>A	Ma-Mel-86b
chr6:151789530_G>A	Ma-Mel-86f
chr6:152697530_G>A	Ma-Mel-86a,Ma-Mel-86b,Ma-Mel-86c,Ma-Mel-86f
chr6:28213700_C>T	Ma-Mel-86a,Ma-Mel-86b,Ma-Mel-86f
chr6:28251778_C>T	Ma-Mel-86a,Ma-Mel-86c,Ma-Mel-86f
chr6:34950931_C>A	Ma-Mel-86c
chr6:40359726_C>T	Ma-Mel-86a,Ma-Mel-86b,Ma-Mel-86c,Ma-Mel-86f
chr6:70071001_G>A	Ma-Mel-86a,Ma-Mel-86b,Ma-Mel-86c,Ma-Mel-86f
chr6:75818784_C>T	Ma-Mel-86a,Ma-Mel-86b,Ma-Mel-86c,Ma-Mel-86f
chr7:100730610_C>T	Ma-Mel-86b,Ma-Mel-86c,Ma-Mel-86f
chr7:103143553_C>T	Ma-Mel-86b
chr7:107115578_G>A	Ma-Mel-86a,Ma-Mel-86b,Ma-Mel-86c
chr7:141635679_C>T	Ma-Mel-86a,Ma-Mel-86b,Ma-Mel-86c,Ma-Mel-86f
chr7:141736011_G>A	Ma-Mel-86a,Ma-Mel-86b,Ma-Mel-86c
chr7:142563269_C>T	Ma-Mel-86a,Ma-Mel-86b,Ma-Mel-86c
chr7:155094465_C>T	Ma-Mel-86a,Ma-Mel-86b,Ma-Mel-86c
chr7:17379505_C>T	Ma-Mel-86a,Ma-Mel-86b,Ma-Mel-86c
chr7:34192778_G>A	Ma-Mel-86a,Ma-Mel-86b,Ma-Mel-86c,Ma-Mel-86f
chr7:36324307_G>A	Ma-Mel-86f
chr7:50566932_C>T	Ma-Mel-86a,Ma-Mel-86b,Ma-Mel-86c,Ma-Mel-86f
chr7:99048408_A>G	Ma-Mel-86b
chr8:124266911_T>A	Ma-Mel-86a
chr8:133092079_C>T	Ma-Mel-86a,Ma-Mel-86b,Ma-Mel-86c,Ma-Mel-86f
chr8:142500231_A>C	Ma-Mel-86a,Ma-Mel-86b,Ma-Mel-86c,Ma-Mel-86f
chr8:25708124_C>T	Ma-Mel-86a,Ma-Mel-86b,Ma-Mel-86c,Ma-Mel-86f
chr8:3072196_A>G	Ma-Mel-86b
chr8:67064623_G>A	Ma-Mel-86a,Ma-Mel-86b,Ma-Mel-86c,Ma-Mel-86f
chr8:67086706_A>G	Ma-Mel-86a
chr8:99963808_C>T	Ma-Mel-86b
chr9:114886653_C>T	Ma-Mel-86a,Ma-Mel-86c
chr9:116176167_C>T	Ma-Mel-86a,Ma-Mel-86b,Ma-Mel-86f
chr9:120475262_G>A	Ma-Mel-86a,Ma-Mel-86c
chr9:123725931_C>T	Ma-Mel-86c
chr9:134501462_G>A	Ma-Mel-86a,Ma-Mel-86b,Ma-Mel-86f
chr9:32635499_C>T	Ma-Mel-86a,Ma-Mel-86b,Ma-Mel-86c,Ma-Mel-86f
chr9:5772611_T>A	Ma-Mel-86a,Ma-Mel-86b,Ma-Mel-86f
chr9:711797_A>C	Ma-Mel-86b,Ma-Mel-86c
chr9:96416840_C>T	Ma-Mel-86a,Ma-Mel-86c
chrX:101910756_G>A	Ma-Mel-86a,Ma-Mel-86b,Ma-Mel-86c,Ma-Mel-86f
chrX:10442669_G>A	Ma-Mel-86a,Ma-Mel-86b,Ma-Mel-86c,Ma-Mel-86f
chrX:105153208_G>T	Ma-Mel-86b
chrX:105156679_C>T	Ma-Mel-86a,Ma-Mel-86b,Ma-Mel-86c,Ma-Mel-86f
chrX:107930844_C>T	Ma-Mel-86c
chrX:114082575_G>T	Ma-Mel-86b
chrX:114424216_G>C	Ma-Mel-86f
chrX:120182043_A>T	Ma-Mel-86a
chrX:122613955_G>T	Ma-Mel-86a,Ma-Mel-86b,Ma-Mel-86c,Ma-Mel-86f
chrX:12735665_C>T	Ma-Mel-86a,Ma-Mel-86b,Ma-Mel-86c,Ma-Mel-86f
chrX:128650468_C>T	Ma-Mel-86a,Ma-Mel-86b,Ma-Mel-86c,Ma-Mel-86f
chrX:129290491_C>T	Ma-Mel-86a,Ma-Mel-86b,Ma-Mel-86c,Ma-Mel-86f
chrX:135455164_C>T	Ma-Mel-86b
chrX:136651167_C>G	Ma-Mel-86a
chrX:14748351_G>C	Ma-Mel-86b
chrX:149613859_C>T	Ma-Mel-86a,Ma-Mel-86b,Ma-Mel-86c,Ma-Mel-86f
chrX:153717057_C>T	Ma-Mel-86a,Ma-Mel-86b,Ma-Mel-86c,Ma-Mel-86f
chrX:154508520_G>T	Ma-Mel-86f
chrX:24516980_G>A	Ma-Mel-86a,Ma-Mel-86b,Ma-Mel-86c,Ma-Mel-86f
chrX:24746051_G>A	Ma-Mel-86a,Ma-Mel-86b,Ma-Mel-86c,Ma-Mel-86f
chrX:32662263_C>T	Ma-Mel-86a,Ma-Mel-86b,Ma-Mel-86c,Ma-Mel-86f
chrX:37979648_G>A	Ma-Mel-86f
chrX:38262973_C>T	Ma-Mel-86a,Ma-Mel-86b,Ma-Mel-86c,Ma-Mel-86f
chrX:46359532_C>T	Ma-Mel-86a,Ma-Mel-86b,Ma-Mel-86c,Ma-Mel-86f
chrX:47775267_C>T	Ma-Mel-86a,Ma-Mel-86b,Ma-Mel-86c,Ma-Mel-86f
chrX:57473412_C>T	Ma-Mel-86b
chrX:63490931_G>C	Ma-Mel-86f
chrX:68725651_C>T	Ma-Mel-86b,Ma-Mel-86c,Ma-Mel-86f
chrX:69262075_C>G	Ma-Mel-86a,Ma-Mel-86b,Ma-Mel-86c,Ma-Mel-86f
chrX:75003497_C>G	Ma-Mel-86b
chrX:90691364_C>T	Ma-Mel-86a,Ma-Mel-86b,Ma-Mel-86c,Ma-Mel-86f
chrX:99663456_C>T	Ma-Mel-86a,Ma-Mel-86b,Ma-Mel-86c,Ma-Mel-86f
